claim	value	source_time	in_notes
 til agents do 100% of your work	100%	40:23	yes
ing by eating 90% of your work	90%	40:29	yes
CTF 约 30 年前在 DEF CON 诞生	30年前	04:54	yes
CTF 起源于约 31 年前的一场网络攻防战	31年前	05:07	yes
Yan 8 岁时随家人逃离苏联	8岁	06:49	yes
Shellphish 用 angr 统治全球 CTF 约两年	2年	07:35	yes
angr 被用于超过 1000 个研究、学术与产品工具	1000	07:48	yes
分析能力从 8 个程序扩展到 800 个	8 800	15:25	yes
HarmonyOS 部署在 10 亿台设备上	10亿	25:03	yes
Mythos 在 Linux 内核发现 479 个漏洞（华盛顿邮报 6 月报道）	479	28:35	yes
数十个上一代 GPT 堆叠产出约 300 个漏洞	300	28:55	yes
三个 GPT 加工作流达到约 600 个本地提权漏洞	600	30:13	yes
加入漏洞属性后超过 1024 个本地提权漏洞	1024	30:50	yes
发现速度约为报告速度的 10 倍	10倍	31:22	yes
每披露 1 个漏洞约危及 3 倍的设备	3倍	32:32	yes
Rust 重写的 coreutils 出现 79 个 CVE（讲者说法）	79	37:24	yes
Zellic 审计发现 113 个问题、其中 44 个分配 CVE	113 44	37:13	yes
Yan 从事进攻性漏洞研究超过 15 年	15年	38:24	yes
pwn.college 每月约 10000 名活跃学习者	10000	39:48	yes
Firmalice 论文只用 3 个固件样本评估	3	41:43	yes
Firmalice 论文发表于约 11 年前	11年前	41:33	yes
现代工作扩展到 1000 个固件样本	1000	42:10	yes
ARBITER 幻灯片总计 1,182,241 个目标、1,130 个报警、661 个漏洞	1,182,241 1,130 661	15:29	yes
ARBITER 论文在 76,516 个二进制上评估	76,516	15:37	yes
SoK 综述 116 篇 Android 安全文献、提取 56 个设计级漏洞	116 56	23:46	yes
OpenHarmony 复现其中 24 个漏洞	24	23:46	yes
披露研究确认 422 组此前未知的设备-攻击组合、涉超过 100 万台设备	422 100万	32:14	yes
